ENGINESIZE,CYLINDERS,FUELCONSUMPTION_COMB_MPG,CO2EMISSIONS
1.34,3.894736842,37.94736842,173.6315789
1.96,4,32.83,202.06
2.5,4,32.83,221
3.72,6.25,23.45,269.63
5.06,8.09,18.07,329.99
5.94,8.4,18.49,346.95
7,11.09,16.73,397.27
